episode,time,phase,phase_name,main_queue,turn_queue,side_queue,total_queue
1,10,0,MAIN_GREEN,0,0,1,1
1,20,0,MAIN_GREEN,0,0,2,2
1,30,0,MAIN_GREEN,2,0,3,5
1,40,0,MAIN_GREEN,4,2,5,11
1,50,0,MAIN_GREEN,2,4,6,12
1,60,0,MAIN_GREEN,6,5,9,20
1,70,2,TURN_GREEN,11,5,13,29
1,80,2,TURN_GREEN,15,4,13,32
1,90,4,SIDE_GREEN,18,6,8,32
1,100,4,SIDE_GREEN,24,5,5,34
1,110,4,SIDE_GREEN,26,6,4,36
1,120,0,MAIN_GREEN,19,7,5,31
1,130,0,MAIN_GREEN,5,7,6,18
1,140,0,MAIN_GREEN,7,5,7,19
1,150,0,MAIN_GREEN,5,8,8,21
1,160,0,MAIN_GREEN,6,9,9,24
1,170,0,MAIN_GREEN,10,9,9,28
1,180,1,MAIN_YELLOW,5,10,13,28
1,190,2,TURN_GREEN,10,7,15,32
1,200,3,TURN_YELLOW,15,6,17,38
1,210,4,SIDE_GREEN,18,8,8,34
1,220,4,SIDE_GREEN,21,9,4,34
1,230,5,SIDE_YELLOW,25,10,3,38
1,240,0,MAIN_GREEN,13,8,7,28
1,250,0,MAIN_GREEN,9,7,8,24
1,260,0,MAIN_GREEN,3,9,11,23
1,270,0,MAIN_GREEN,6,9,14,29
1,280,0,MAIN_GREEN,5,10,14,29
1,290,0,MAIN_GREEN,7,11,14,32
1,300,2,TURN_GREEN,7,10,16,33
1,310,2,TURN_GREEN,13,5,19,37
1,320,4,SIDE_GREEN,15,6,16,37
1,330,4,SIDE_GREEN,19,8,10,37
1,340,4,SIDE_GREEN,23,9,3,35
1,350,0,MAIN_GREEN,18,9,5,32
1,360,0,MAIN_GREEN,4,11,7,22
1,370,0,MAIN_GREEN,6,9,8,23
1,380,0,MAIN_GREEN,8,9,12,29
1,390,0,MAIN_GREEN,5,9,16,30
1,400,0,MAIN_GREEN,4,11,18,33
1,410,1,MAIN_YELLOW,4,10,18,32
1,420,2,TURN_GREEN,7,7,20,34
1,430,3,TURN_YELLOW,12,5,21,38
1,440,4,SIDE_GREEN,16,6,12,34
1,450,4,SIDE_GREEN,19,7,9,35
1,460,5,SIDE_YELLOW,22,6,5,33
1,470,0,MAIN_GREEN,9,6,8,23
1,480,0,MAIN_GREEN,5,6,11,22
1,490,0,MAIN_GREEN,7,8,13,28
1,500,0,MAIN_GREEN,5,9,15,29
1,510,0,MAIN_GREEN,5,10,18,33
1,520,0,MAIN_GREEN,7,9,19,35
1,530,2,TURN_GREEN,9,9,20,38
1,540,2,TURN_GREEN,11,5,25,41
1,550,4,SIDE_GREEN,18,4,24,46
1,560,4,SIDE_GREEN,20,8,14,42
1,570,4,SIDE_GREEN,24,8,9,41
1,580,0,MAIN_GREEN,17,9,10,36
1,590,0,MAIN_GREEN,4,9,13,26
1,600,0,MAIN_GREEN,7,6,13,26
1,610,0,MAIN_GREEN,6,8,14,28
1,620,0,MAIN_GREEN,3,8,15,26
1,630,0,MAIN_GREEN,1,10,17,28
1,640,1,MAIN_YELLOW,2,10,18,30
1,650,2,TURN_GREEN,4,8,20,32
1,660,3,TURN_YELLOW,8,5,22,35
1,670,4,SIDE_GREEN,13,7,13,33
1,680,4,SIDE_GREEN,16,8,7,31
1,690,5,SIDE_YELLOW,20,11,3,34
1,700,0,MAIN_GREEN,5,13,4,22
1,710,0,MAIN_GREEN,2,15,6,23
1,720,0,MAIN_GREEN,6,15,6,27
1,730,0,MAIN_GREEN,6,16,5,27
1,740,0,MAIN_GREEN,9,17,6,32
1,750,0,MAIN_GREEN,5,18,8,31
1,760,2,TURN_GREEN,7,18,11,36
1,770,2,TURN_GREEN,11,16,13,40
1,780,4,SIDE_GREEN,14,17,12,43
1,790,4,SIDE_GREEN,18,20,7,45
1,800,4,SIDE_GREEN,22,20,4,46
1,810,0,MAIN_GREEN,15,22,7,44
1,820,0,MAIN_GREEN,7,22,11,40
1,830,0,MAIN_GREEN,8,22,11,41
1,840,0,MAIN_GREEN,8,23,12,43
1,850,0,MAIN_GREEN,4,25,14,43
1,860,0,MAIN_GREEN,4,27,15,46
1,870,1,MAIN_YELLOW,7,28,18,53
1,880,2,TURN_GREEN,13,25,19,57
1,890,3,TURN_YELLOW,19,21,20,60
1,900,4,SIDE_GREEN,24,21,12,57
1,910,4,SIDE_GREEN,25,23,8,56
1,920,5,SIDE_YELLOW,30,24,6,60
1,930,0,MAIN_GREEN,17,26,6,49
1,940,0,MAIN_GREEN,11,26,7,44
1,950,0,MAIN_GREEN,5,28,9,42
1,960,0,MAIN_GREEN,6,29,10,45
1,970,0,MAIN_GREEN,4,31,12,47
1,980,0,MAIN_GREEN,6,32,12,50
1,990,2,TURN_GREEN,11,30,12,53
1,1000,2,TURN_GREEN,14,27,15,56
1,1010,4,SIDE_GREEN,20,25,12,57
1,1020,4,SIDE_GREEN,23,28,5,56
1,1030,4,SIDE_GREEN,28,29,4,61
1,1040,0,MAIN_GREEN,26,29,6,61
1,1050,0,MAIN_GREEN,13,29,8,50
1,1060,0,MAIN_GREEN,7,29,11,47
1,1070,0,MAIN_GREEN,3,30,13,46
1,1080,0,MAIN_GREEN,4,30,14,48
1,1090,0,MAIN_GREEN,1,30,15,46
1,1100,1,MAIN_YELLOW,1,32,15,48
1,1110,2,TURN_GREEN,5,30,19,54
1,1120,3,TURN_YELLOW,8,28,21,57
1,1130,4,SIDE_GREEN,12,29,13,54
1,1140,4,SIDE_GREEN,14,29,9,52
1,1150,5,SIDE_YELLOW,18,31,8,57
1,1160,0,MAIN_GREEN,6,33,10,49
1,1170,0,MAIN_GREEN,5,34,12,51
1,1180,0,MAIN_GREEN,6,36,13,55
1,1190,0,MAIN_GREEN,6,37,14,57
1,1200,0,MAIN_GREEN,5,38,17,60
1,1210,0,MAIN_GREEN,6,39,16,61
1,1220,2,TURN_GREEN,10,38,16,64
1,1230,2,TURN_GREEN,15,33,16,64
1,1240,4,SIDE_GREEN,20,33,11,64
1,1250,4,SIDE_GREEN,28,31,3,62
1,1260,4,SIDE_GREEN,33,33,1,67
1,1270,0,MAIN_GREEN,28,34,2,64
1,1280,0,MAIN_GREEN,11,38,2,51
1,1290,0,MAIN_GREEN,11,39,1,51
1,1300,0,MAIN_GREEN,15,37,4,56
1,1310,0,MAIN_GREEN,13,38,6,57
1,1320,0,MAIN_GREEN,14,39,9,62
1,1330,1,MAIN_YELLOW,16,39,11,66
1,1340,2,TURN_GREEN,15,36,14,65
1,1350,3,TURN_YELLOW,18,35,17,70
1,1360,4,SIDE_GREEN,24,35,11,70
1,1370,4,SIDE_GREEN,28,33,6,67
1,1380,5,SIDE_YELLOW,31,34,5,70
1,1390,0,MAIN_GREEN,17,36,8,61
1,1400,0,MAIN_GREEN,9,39,11,59
1,1410,0,MAIN_GREEN,8,40,12,60
1,1420,0,MAIN_GREEN,11,40,13,64
1,1430,0,MAIN_GREEN,8,40,13,61
1,1440,0,MAIN_GREEN,11,40,12,63
1,1450,2,TURN_GREEN,15,38,14,67
1,1460,2,TURN_GREEN,14,37,15,66
1,1470,4,SIDE_GREEN,18,37,13,68
1,1480,4,SIDE_GREEN,22,37,7,66
1,1490,4,SIDE_GREEN,27,37,3,67
1,1500,0,MAIN_GREEN,22,38,6,66
1,1510,0,MAIN_GREEN,10,39,7,56
1,1520,0,MAIN_GREEN,10,40,9,59
1,1530,0,MAIN_GREEN,10,40,10,60
1,1540,0,MAIN_GREEN,6,40,14,60
1,1550,0,MAIN_GREEN,5,40,17,62
1,1560,1,MAIN_YELLOW,8,40,20,68
1,1570,2,TURN_GREEN,13,36,24,73
1,1580,3,TURN_YELLOW,18,33,27,78
1,1590,4,SIDE_GREEN,24,33,19,76
1,1600,4,SIDE_GREEN,31,30,11,72
1,1610,5,SIDE_YELLOW,37,33,8,78
1,1620,0,MAIN_GREEN,21,36,9,66
1,1630,0,MAIN_GREEN,12,40,10,62
1,1640,0,MAIN_GREEN,13,40,12,65
1,1650,0,MAIN_GREEN,15,40,14,69
1,1660,0,MAIN_GREEN,15,40,16,71
1,1670,0,MAIN_GREEN,17,40,17,74
1,1680,2,TURN_GREEN,16,39,20,75
1,1690,2,TURN_GREEN,15,37,23,75
1,1700,4,SIDE_GREEN,16,39,21,76
1,1710,4,SIDE_GREEN,22,39,13,74
1,1720,4,SIDE_GREEN,24,39,5,68
1,1730,0,MAIN_GREEN,24,39,5,68
1,1740,0,MAIN_GREEN,15,40,6,61
1,1750,0,MAIN_GREEN,14,40,9,63
1,1760,0,MAIN_GREEN,16,40,10,66
1,1770,0,MAIN_GREEN,15,40,13,68
1,1780,0,MAIN_GREEN,11,40,16,67
1,1790,1,MAIN_YELLOW,14,40,15,69
1,1800,2,TURN_GREEN,16,37,18,71
1,1810,3,TURN_YELLOW,22,35,18,75
1,1820,4,SIDE_GREEN,24,35,10,69
1,1830,4,SIDE_GREEN,28,33,7,68
1,1840,5,SIDE_YELLOW,37,35,4,76
1,1850,0,MAIN_GREEN,25,37,5,67
1,1860,0,MAIN_GREEN,16,39,7,62
1,1870,0,MAIN_GREEN,16,40,8,64
1,1880,0,MAIN_GREEN,18,40,10,68
1,1890,0,MAIN_GREEN,20,40,11,71
1,1900,0,MAIN_GREEN,21,40,13,74
1,1910,2,TURN_GREEN,24,39,16,79
1,1920,2,TURN_GREEN,27,37,17,81
1,1930,4,SIDE_GREEN,29,39,13,81
1,1940,4,SIDE_GREEN,34,39,8,81
1,1950,4,SIDE_GREEN,38,39,5,82
1,1960,0,MAIN_GREEN,34,40,7,81
1,1970,0,MAIN_GREEN,22,40,11,73
1,1980,0,MAIN_GREEN,19,40,13,72
1,1990,0,MAIN_GREEN,16,40,15,71
1,2000,0,MAIN_GREEN,11,40,16,67
1,2010,0,MAIN_GREEN,12,40,18,70
1,2020,1,MAIN_YELLOW,15,40,21,76
1,2030,2,TURN_GREEN,18,38,24,80
1,2040,3,TURN_YELLOW,20,38,29,87
1,2050,4,SIDE_GREEN,22,38,19,79
1,2060,4,SIDE_GREEN,28,38,9,75
1,2070,5,SIDE_YELLOW,30,38,7,75
1,2080,0,MAIN_GREEN,18,39,9,66
1,2090,0,MAIN_GREEN,10,40,9,59
1,2100,0,MAIN_GREEN,6,40,10,56
1,2110,0,MAIN_GREEN,8,40,13,61
1,2120,0,MAIN_GREEN,6,40,17,63
1,2130,0,MAIN_GREEN,9,40,18,67
1,2140,2,TURN_GREEN,15,38,19,72
1,2150,2,TURN_GREEN,20,33,20,73
1,2160,4,SIDE_GREEN,29,33,15,77
1,2170,4,SIDE_GREEN,38,30,12,80
1,2180,4,SIDE_GREEN,47,31,9,87
1,2190,0,MAIN_GREEN,46,34,10,90
1,2200,0,MAIN_GREEN,34,38,11,83
1,2210,0,MAIN_GREEN,28,40,13,81
1,2220,0,MAIN_GREEN,29,40,14,83
1,2230,0,MAIN_GREEN,31,40,12,83
1,2240,0,MAIN_GREEN,29,40,14,83
1,2250,1,MAIN_YELLOW,28,40,15,83
1,2260,2,TURN_GREEN,29,38,18,85
1,2270,3,TURN_YELLOW,30,38,21,89
1,2280,4,SIDE_GREEN,36,39,17,92
1,2290,4,SIDE_GREEN,41,39,12,92
1,2300,5,SIDE_YELLOW,43,39,11,93
1,2310,0,MAIN_GREEN,34,39,15,88
1,2320,0,MAIN_GREEN,31,39,19,89
1,2330,0,MAIN_GREEN,27,39,20,86
1,2340,0,MAIN_GREEN,26,39,22,87
1,2350,0,MAIN_GREEN,25,39,24,88
1,2360,0,MAIN_GREEN,27,39,25,91
1,2370,2,TURN_GREEN,28,37,26,91
1,2380,2,TURN_GREEN,33,37,27,97
1,2390,4,SIDE_GREEN,36,38,25,99
1,2400,4,SIDE_GREEN,38,38,15,91
1,2410,4,SIDE_GREEN,41,38,9,88
1,2420,0,MAIN_GREEN,33,39,9,81
1,2430,0,MAIN_GREEN,27,39,11,77
1,2440,0,MAIN_GREEN,22,40,13,75
1,2450,0,MAIN_GREEN,21,40,14,75
1,2460,0,MAIN_GREEN,27,40,16,83
1,2470,0,MAIN_GREEN,24,40,21,85
1,2480,1,MAIN_YELLOW,21,40,24,85
1,2490,2,TURN_GREEN,25,38,27,90
1,2500,3,TURN_YELLOW,27,38,30,95
1,2510,4,SIDE_GREEN,34,38,20,92
1,2520,4,SIDE_GREEN,38,39,10,87
1,2530,5,SIDE_YELLOW,45,39,6,90
1,2540,0,MAIN_GREEN,31,39,7,77
1,2550,0,MAIN_GREEN,27,39,10,76
1,2560,0,MAIN_GREEN,30,39,13,82
1,2570,0,MAIN_GREEN,29,39,13,81
1,2580,0,MAIN_GREEN,31,39,14,84
1,2590,0,MAIN_GREEN,36,40,13,89
1,2600,2,TURN_GREEN,39,39,16,94
1,2610,2,TURN_GREEN,42,38,20,100
1,2620,4,SIDE_GREEN,44,38,19,101
1,2630,4,SIDE_GREEN,49,39,11,99
1,2640,4,SIDE_GREEN,55,39,6,100
1,2650,0,MAIN_GREEN,49,39,7,95
1,2660,0,MAIN_GREEN,39,39,7,85
1,2670,0,MAIN_GREEN,41,39,9,89
1,2680,0,MAIN_GREEN,45,39,13,97
1,2690,0,MAIN_GREEN,47,39,16,102
1,2700,0,MAIN_GREEN,48,39,17,104
1,2710,1,MAIN_YELLOW,50,39,20,109
1,2720,2,TURN_GREEN,53,37,22,112
1,2730,3,TURN_YELLOW,54,37,22,113
1,2740,4,SIDE_GREEN,63,38,16,117
1,2750,4,SIDE_GREEN,68,38,15,121
1,2760,5,SIDE_YELLOW,72,39,14,125
1,2770,0,MAIN_GREEN,64,39,15,118
1,2780,0,MAIN_GREEN,58,39,16,113
1,2790,0,MAIN_GREEN,54,39,20,113
1,2800,0,MAIN_GREEN,57,39,23,119
1,2810,0,MAIN_GREEN,57,39,24,120
1,2820,0,MAIN_GREEN,61,39,25,125
1,2830,2,TURN_GREEN,62,37,27,126
1,2840,2,TURN_GREEN,65,36,28,129
1,2850,4,SIDE_GREEN,67,36,25,128
1,2860,4,SIDE_GREEN,72,37,19,128
1,2870,4,SIDE_GREEN,74,37,15,126
1,2880,0,MAIN_GREEN,69,37,17,123
1,2890,0,MAIN_GREEN,59,38,18,115
1,2900,0,MAIN_GREEN,54,38,22,114
1,2910,0,MAIN_GREEN,51,39,25,115
1,2920,0,MAIN_GREEN,54,39,26,119
1,2930,0,MAIN_GREEN,53,39,27,119
1,2940,1,MAIN_YELLOW,57,39,30,126
1,2950,2,TURN_GREEN,60,37,32,129
1,2960,3,TURN_YELLOW,60,38,34,132
1,2970,4,SIDE_GREEN,64,38,25,127
1,2980,4,SIDE_GREEN,68,38,20,126
1,2990,5,SIDE_YELLOW,73,38,17,128
1,3000,0,MAIN_GREEN,57,38,20,115
1,3010,0,MAIN_GREEN,56,38,22,116
1,3020,0,MAIN_GREEN,56,38,24,118
1,3030,0,MAIN_GREEN,52,38,26,116
1,3040,0,MAIN_GREEN,56,38,26,120
1,3050,0,MAIN_GREEN,60,38,28,126
1,3060,2,TURN_GREEN,65,36,29,130
1,3070,2,TURN_GREEN,69,36,29,134
1,3080,4,SIDE_GREEN,75,37,24,136
1,3090,4,SIDE_GREEN,82,37,14,133
1,3100,4,SIDE_GREEN,86,38,9,133
1,3110,0,MAIN_GREEN,81,38,9,128
1,3120,0,MAIN_GREEN,67,38,10,115
1,3130,0,MAIN_GREEN,57,39,10,106
1,3140,0,MAIN_GREEN,53,39,14,106
1,3150,0,MAIN_GREEN,53,40,16,109
1,3160,0,MAIN_GREEN,59,40,19,118
1,3170,1,MAIN_YELLOW,66,40,23,129
1,3180,2,TURN_GREEN,72,38,24,134
1,3190,3,TURN_YELLOW,76,38,27,141
1,3200,4,SIDE_GREEN,80,39,18,137
1,3210,4,SIDE_GREEN,83,39,7,129
1,3220,5,SIDE_YELLOW,88,39,8,135
1,3230,0,MAIN_GREEN,76,39,9,124
1,3240,0,MAIN_GREEN,60,39,10,109
1,3250,0,MAIN_GREEN,55,39,12,106
1,3260,0,MAIN_GREEN,48,39,13,100
1,3270,0,MAIN_GREEN,45,39,13,97
1,3280,0,MAIN_GREEN,53,39,14,106
1,3290,2,TURN_GREEN,59,38,16,113
1,3300,2,TURN_GREEN,66,36,18,120
1,3310,4,SIDE_GREEN,74,37,15,126
1,3320,4,SIDE_GREEN,80,38,9,127
1,3330,4,SIDE_GREEN,84,38,4,126
1,3340,0,MAIN_GREEN,80,38,7,125
1,3350,0,MAIN_GREEN,69,38,10,117
1,3360,0,MAIN_GREEN,67,38,13,118
1,3370,0,MAIN_GREEN,64,38,16,118
1,3380,0,MAIN_GREEN,65,38,18,121
1,3390,0,MAIN_GREEN,59,39,21,119
1,3400,1,MAIN_YELLOW,62,39,22,123
1,3410,2,TURN_GREEN,65,37,24,126
1,3420,3,TURN_YELLOW,71,38,25,134
1,3430,4,SIDE_GREEN,80,38,16,134
1,3440,4,SIDE_GREEN,87,38,7,132
1,3450,5,SIDE_YELLOW,96,38,7,141
1,3460,0,MAIN_GREEN,81,38,8,127
1,3470,0,MAIN_GREEN,70,38,9,117
1,3480,0,MAIN_GREEN,61,39,10,110
1,3490,0,MAIN_GREEN,58,39,11,108
1,3500,0,MAIN_GREEN,51,39,16,106
1,3510,0,MAIN_GREEN,49,39,17,105
1,3520,2,TURN_GREEN,56,38,20,114
1,3530,2,TURN_GREEN,63,37,21,121
1,3540,4,SIDE_GREEN,69,37,18,124
1,3550,4,SIDE_GREEN,78,38,11,127
1,3560,4,SIDE_GREEN,86,38,5,129
1,3570,0,MAIN_GREEN,82,37,5,124
1,3580,0,MAIN_GREEN,66,37,6,109
1,3590,0,MAIN_GREEN,62,37,8,107
1,3600,0,MAIN_GREEN,56,37,11,104
1,3610,0,MAIN_GREEN,50,38,15,103
1,3620,0,MAIN_GREEN,50,38,17,105
1,3630,1,MAIN_YELLOW,49,38,19,106
1,3640,2,TURN_GREEN,55,36,20,111
1,3650,3,TURN_YELLOW,61,36,23,120
1,3660,4,SIDE_GREEN,65,37,15,117
1,3670,4,SIDE_GREEN,71,38,9,118
1,3680,5,SIDE_YELLOW,80,38,6,124
1,3690,0,MAIN_GREEN,69,38,9,116
1,3700,0,MAIN_GREEN,55,38,11,104
1,3710,0,MAIN_GREEN,58,38,12,108
1,3720,0,MAIN_GREEN,52,38,16,106
1,3730,0,MAIN_GREEN,48,38,18,104
1,3740,0,MAIN_GREEN,47,38,20,105
1,3750,2,TURN_GREEN,54,37,24,115
1,3760,2,TURN_GREEN,62,36,25,123
1,3770,4,SIDE_GREEN,69,38,20,127
1,3780,4,SIDE_GREEN,77,38,9,124
1,3790,4,SIDE_GREEN,87,38,6,131
1,3800,0,MAIN_GREEN,85,38,6,129
1,3810,0,MAIN_GREEN,72,38,6,116
1,3820,0,MAIN_GREEN,64,38,9,111
1,3830,0,MAIN_GREEN,59,38,12,109
1,3840,0,MAIN_GREEN,52,38,14,104
1,3850,0,MAIN_GREEN,50,38,17,105
1,3860,1,MAIN_YELLOW,54,38,21,113
1,3870,2,TURN_GREEN,60,36,23,119
1,3880,3,TURN_YELLOW,68,38,27,133
1,3890,4,SIDE_GREEN,77,38,20,135
1,3900,4,SIDE_GREEN,86,38,15,139
1,3910,5,SIDE_YELLOW,94,38,12,144
1,3920,0,MAIN_GREEN,80,38,14,132
1,3930,0,MAIN_GREEN,67,38,19,124
1,3940,0,MAIN_GREEN,64,38,22,124
1,3950,0,MAIN_GREEN,64,39,22,125
1,3960,0,MAIN_GREEN,61,39,24,124
1,3970,0,MAIN_GREEN,57,39,28,124
1,3980,2,TURN_GREEN,59,38,32,129
1,3990,2,TURN_GREEN,61,36,33,130
1,4000,4,SIDE_GREEN,65,39,28,132
1,4010,4,SIDE_GREEN,74,39,19,132
1,4020,4,SIDE_GREEN,86,39,15,140
1,4030,0,MAIN_GREEN,83,39,18,140
1,4040,0,MAIN_GREEN,68,39,20,127
1,4050,0,MAIN_GREEN,66,39,20,125
1,4060,0,MAIN_GREEN,65,39,22,126
1,4070,0,MAIN_GREEN,61,39,23,123
1,4080,0,MAIN_GREEN,53,39,23,115
1,4090,1,MAIN_YELLOW,53,39,25,117
1,4100,2,TURN_GREEN,58,37,31,126
1,4110,3,TURN_YELLOW,66,37,34,137
1,4120,4,SIDE_GREEN,71,38,25,134
1,4130,4,SIDE_GREEN,75,39,19,133
1,4140,5,SIDE_YELLOW,79,39,19,137
1,4150,0,MAIN_GREEN,63,39,22,124
1,4160,0,MAIN_GREEN,46,39,24,109
1,4170,0,MAIN_GREEN,44,40,25,109
1,4180,0,MAIN_GREEN,48,40,27,115
1,4190,0,MAIN_GREEN,52,40,28,120
1,4200,0,MAIN_GREEN,53,40,31,124
1,4210,2,TURN_GREEN,54,39,32,125
1,4220,2,TURN_GREEN,58,37,32,127
1,4230,4,SIDE_GREEN,64,38,31,133
1,4240,4,SIDE_GREEN,74,38,27,139
1,4250,4,SIDE_GREEN,80,39,21,140
1,4260,0,MAIN_GREEN,81,39,21,141
1,4270,0,MAIN_GREEN,70,39,25,134
1,4280,0,MAIN_GREEN,66,39,29,134
1,4290,0,MAIN_GREEN,66,39,28,133
1,4300,0,MAIN_GREEN,57,39,28,124
1,4310,0,MAIN_GREEN,58,39,28,125
1,4320,1,MAIN_YELLOW,58,39,29,126
1,4330,2,TURN_GREEN,65,37,30,132
1,4340,3,TURN_YELLOW,70,36,34,140
1,4350,4,SIDE_GREEN,74,38,30,142
1,4360,4,SIDE_GREEN,84,39,26,149
1,4370,5,SIDE_YELLOW,90,39,21,150
1,4380,0,MAIN_GREEN,76,39,24,139
1,4390,0,MAIN_GREEN,63,39,28,130
1,4400,0,MAIN_GREEN,51,39,30,120
1,4410,0,MAIN_GREEN,49,39,31,119
1,4420,0,MAIN_GREEN,45,39,34,118
1,4430,0,MAIN_GREEN,43,39,34,116
1,4440,2,TURN_GREEN,49,38,38,125
1,4450,2,TURN_GREEN,55,38,41,134
1,4460,4,SIDE_GREEN,63,38,38,139
1,4470,4,SIDE_GREEN,70,38,31,139
1,4480,4,SIDE_GREEN,76,38,28,142
1,4490,0,MAIN_GREEN,78,39,29,146
1,4500,0,MAIN_GREEN,68,39,30,137
1,4510,0,MAIN_GREEN,61,39,31,131
1,4520,0,MAIN_GREEN,58,39,35,132
1,4530,0,MAIN_GREEN,60,39,39,138
1,4540,0,MAIN_GREEN,59,39,40,138
1,4550,1,MAIN_YELLOW,61,39,41,141
1,4560,2,TURN_GREEN,69,36,43,148
1,4570,3,TURN_YELLOW,76,35,43,154
1,4580,4,SIDE_GREEN,79,37,35,151
1,4590,4,SIDE_GREEN,81,37,28,146
1,4600,5,SIDE_YELLOW,86,38,27,151
1,4610,0,MAIN_GREEN,72,38,30,140
1,4620,0,MAIN_GREEN,64,39,32,135
1,4630,0,MAIN_GREEN,64,39,35,138
1,4640,0,MAIN_GREEN,64,39,37,140
1,4650,0,MAIN_GREEN,63,39,39,141
1,4660,0,MAIN_GREEN,65,39,38,142
1,4670,2,TURN_GREEN,67,38,40,145
1,4680,2,TURN_GREEN,70,37,41,148
1,4690,4,SIDE_GREEN,76,39,39,154
1,4700,4,SIDE_GREEN,84,39,30,153
1,4710,4,SIDE_GREEN,95,40,22,157
1,4720,0,MAIN_GREEN,91,39,23,153
1,4730,0,MAIN_GREEN,73,39,25,137
1,4740,0,MAIN_GREEN,62,39,27,128
1,4750,0,MAIN_GREEN,57,39,30,126
1,4760,0,MAIN_GREEN,53,39,32,124
1,4770,0,MAIN_GREEN,49,39,35,123
1,4780,1,MAIN_YELLOW,51,39,39,129
1,4790,2,TURN_GREEN,57,37,40,134
1,4800,3,TURN_YELLOW,61,39,40,140
1,4810,4,SIDE_GREEN,70,39,34,143
1,4820,4,SIDE_GREEN,79,39,25,143
1,4830,5,SIDE_YELLOW,86,39,24,149
1,4840,0,MAIN_GREEN,72,38,26,136
1,4850,0,MAIN_GREEN,62,39,29,130
1,4860,0,MAIN_GREEN,59,39,32,130
1,4870,0,MAIN_GREEN,53,39,35,127
1,4880,0,MAIN_GREEN,46,39,38,123
1,4890,0,MAIN_GREEN,46,39,41,126
1,4900,2,TURN_GREEN,54,38,42,134
1,4910,2,TURN_GREEN,60,37,42,139
1,4920,4,SIDE_GREEN,68,38,38,144
1,4930,4,SIDE_GREEN,75,38,31,144
1,4940,4,SIDE_GREEN,82,38,25,145
1,4950,0,MAIN_GREEN,79,39,26,144
1,4960,0,MAIN_GREEN,64,39,28,131
1,4970,0,MAIN_GREEN,62,39,32,133
1,4980,0,MAIN_GREEN,59,39,34,132
1,4990,0,MAIN_GREEN,54,39,36,129
1,5000,0,MAIN_GREEN,54,39,38,131
1,5010,1,MAIN_YELLOW,51,39,40,130
1,5020,2,TURN_GREEN,57,37,42,136
1,5030,3,TURN_YELLOW,63,36,46,145
1,5040,4,SIDE_GREEN,65,38,38,141
1,5050,4,SIDE_GREEN,74,39,30,143
1,5060,5,SIDE_YELLOW,84,39,29,152
1,5070,0,MAIN_GREEN,75,39,30,144
1,5080,0,MAIN_GREEN,67,39,32,138
1,5090,0,MAIN_GREEN,60,39,34,133
1,5100,0,MAIN_GREEN,61,39,38,138
1,5110,0,MAIN_GREEN,62,39,40,141
1,5120,0,MAIN_GREEN,63,39,41,143
1,5130,2,TURN_GREEN,69,38,42,149
1,5140,2,TURN_GREEN,74,36,43,153
1,5150,4,SIDE_GREEN,76,38,39,153
1,5160,4,SIDE_GREEN,80,38,28,146
1,5170,4,SIDE_GREEN,83,38,23,144
1,5180,0,MAIN_GREEN,78,38,25,141
1,5190,0,MAIN_GREEN,66,38,26,130
1,5200,0,MAIN_GREEN,63,38,28,129
1,5210,0,MAIN_GREEN,62,39,28,129
1,5220,0,MAIN_GREEN,57,40,29,126
1,5230,0,MAIN_GREEN,54,40,32,126
1,5240,1,MAIN_YELLOW,53,40,34,127
1,5250,2,TURN_GREEN,60,38,37,135
1,5260,3,TURN_YELLOW,66,39,39,144
1,5270,4,SIDE_GREEN,76,39,32,147
1,5280,4,SIDE_GREEN,85,39,24,148
1,5290,5,SIDE_YELLOW,93,39,24,156
1,5300,0,MAIN_GREEN,82,39,26,147
1,5310,0,MAIN_GREEN,69,39,29,137
1,5320,0,MAIN_GREEN,63,39,30,132
1,5330,0,MAIN_GREEN,58,39,33,130
1,5340,0,MAIN_GREEN,55,39,35,129
1,5350,0,MAIN_GREEN,52,39,36,127
1,5360,2,TURN_GREEN,58,37,37,132
1,5370,2,TURN_GREEN,66,36,39,141
1,5380,4,SIDE_GREEN,71,37,34,142
1,5390,4,SIDE_GREEN,79,38,27,144
1,5400,4,SIDE_GREEN,89,38,22,149
1,5410,0,MAIN_GREEN,86,38,23,147
1,5420,0,MAIN_GREEN,69,39,25,133
1,5430,0,MAIN_GREEN,59,39,27,125
1,5440,0,MAIN_GREEN,53,39,30,122
1,5450,0,MAIN_GREEN,49,39,32,120
1,5460,0,MAIN_GREEN,46,39,34,119
1,5470,1,MAIN_YELLOW,51,39,36,126
1,5480,2,TURN_GREEN,57,37,37,131
1,5490,3,TURN_YELLOW,64,36,38,138
1,5500,4,SIDE_GREEN,71,37,31,139
1,5510,4,SIDE_GREEN,79,38,24,141
1,5520,5,SIDE_YELLOW,89,39,22,150
1,5530,0,MAIN_GREEN,77,39,25,141
1,5540,0,MAIN_GREEN,61,39,28,128
1,5550,0,MAIN_GREEN,55,39,33,127
1,5560,0,MAIN_GREEN,48,39,34,121
1,5570,0,MAIN_GREEN,44,39,36,119
1,5580,0,MAIN_GREEN,44,39,36,119
1,5590,2,TURN_GREEN,53,37,39,129
1,5600,2,TURN_GREEN,60,36,42,138
1,5610,4,SIDE_GREEN,64,37,39,140
1,5620,4,SIDE_GREEN,73,37,33,143
1,5630,4,SIDE_GREEN,80,37,25,142
1,5640,0,MAIN_GREEN,79,37,27,143
1,5650,0,MAIN_GREEN,61,38,29,128
1,5660,0,MAIN_GREEN,58,38,33,129
1,5670,0,MAIN_GREEN,55,39,35,129
1,5680,0,MAIN_GREEN,54,39,38,131
1,5690,0,MAIN_GREEN,50,39,40,129
1,5700,1,MAIN_YELLOW,48,39,40,127
1,5710,2,TURN_GREEN,52,36,42,130
1,5720,3,TURN_YELLOW,59,37,44,140
1,5730,4,SIDE_GREEN,65,38,38,141
1,5740,4,SIDE_GREEN,74,39,33,146
1,5750,5,SIDE_YELLOW,82,40,32,154
1,5760,0,MAIN_GREEN,72,40,35,147
1,5770,0,MAIN_GREEN,62,40,37,139
1,5780,0,MAIN_GREEN,62,40,38,140
1,5790,0,MAIN_GREEN,57,40,39,136
1,5800,0,MAIN_GREEN,52,40,41,133
1,5810,0,MAIN_GREEN,48,40,42,130
1,5820,2,TURN_GREEN,54,39,42,135
1,5830,2,TURN_GREEN,59,39,45,143
1,5840,4,SIDE_GREEN,72,39,44,155
1,5850,4,SIDE_GREEN,85,39,37,161
1,5860,4,SIDE_GREEN,93,39,30,162
1,5870,0,MAIN_GREEN,89,39,29,157
1,5880,0,MAIN_GREEN,75,39,31,145
1,5890,0,MAIN_GREEN,70,39,34,143
1,5900,0,MAIN_GREEN,63,39,36,138
1,5910,0,MAIN_GREEN,58,40,39,137
1,5920,0,MAIN_GREEN,60,40,38,138
1,5930,1,MAIN_YELLOW,67,40,38,145
1,5940,2,TURN_GREEN,72,38,40,150
1,5950,3,TURN_YELLOW,78,38,43,159
1,5960,4,SIDE_GREEN,82,39,36,157
1,5970,4,SIDE_GREEN,85,39,34,158
1,5980,5,SIDE_YELLOW,88,39,31,158
1,5990,0,MAIN_GREEN,74,39,36,149
1,6000,0,MAIN_GREEN,66,39,36,141
1,6010,0,MAIN_GREEN,63,39,37,139
1,6020,0,MAIN_GREEN,58,39,40,137
1,6030,0,MAIN_GREEN,54,39,43,136
1,6040,0,MAIN_GREEN,53,39,43,135
1,6050,2,TURN_GREEN,59,38,44,141
1,6060,2,TURN_GREEN,68,35,46,149
1,6070,4,SIDE_GREEN,75,37,43,155
1,6080,4,SIDE_GREEN,84,38,36,158
1,6090,4,SIDE_GREEN,92,38,29,159
1,6100,0,MAIN_GREEN,90,39,30,159
1,6110,0,MAIN_GREEN,69,39,31,139
1,6120,0,MAIN_GREEN,61,39,34,134
1,6130,0,MAIN_GREEN,54,39,34,127
1,6140,0,MAIN_GREEN,50,39,37,126
1,6150,0,MAIN_GREEN,48,39,40,127
1,6160,1,MAIN_YELLOW,51,39,41,131
1,6170,2,TURN_GREEN,59,36,41,136
1,6180,3,TURN_YELLOW,65,37,42,144
1,6190,4,SIDE_GREEN,75,37,35,147
1,6200,4,SIDE_GREEN,84,37,28,149
1,6210,5,SIDE_YELLOW,94,38,28,160
1,6220,0,MAIN_GREEN,84,39,32,155
1,6230,0,MAIN_GREEN,74,39,33,146
1,6240,0,MAIN_GREEN,64,39,36,139
1,6250,0,MAIN_GREEN,59,39,39,137
1,6260,0,MAIN_GREEN,54,39,42,135
1,6270,0,MAIN_GREEN,53,39,41,133
1,6280,2,TURN_GREEN,61,37,42,140
1,6290,2,TURN_GREEN,69,36,43,148
1,6300,4,SIDE_GREEN,75,37,40,152
1,6310,4,SIDE_GREEN,82,37,34,153
1,6320,4,SIDE_GREEN,84,39,31,154
1,6330,0,MAIN_GREEN,80,39,32,151
1,6340,0,MAIN_GREEN,68,40,33,141
1,6350,0,MAIN_GREEN,63,40,35,138
1,6360,0,MAIN_GREEN,60,40,39,139
1,6370,0,MAIN_GREEN,57,40,42,139
1,6380,0,MAIN_GREEN,55,40,44,139
1,6390,1,MAIN_YELLOW,56,40,46,142
1,6400,2,TURN_GREEN,59,38,51,148
1,6410,3,TURN_YELLOW,69,36,53,158
1,6420,4,SIDE_GREEN,74,38,45,157
1,6430,4,SIDE_GREEN,81,39,38,158
1,6440,5,SIDE_YELLOW,87,40,31,158
1,6450,0,MAIN_GREEN,76,40,31,147
1,6460,0,MAIN_GREEN,61,40,32,133
1,6470,0,MAIN_GREEN,53,40,35,128
1,6480,0,MAIN_GREEN,47,40,37,124
1,6490,0,MAIN_GREEN,44,40,37,121
1,6500,0,MAIN_GREEN,40,40,39,119
1,6510,2,TURN_GREEN,42,39,39,120
1,6520,2,TURN_GREEN,52,34,41,127
1,6530,4,SIDE_GREEN,58,35,39,132
1,6540,4,SIDE_GREEN,65,36,34,135
1,6550,4,SIDE_GREEN,77,36,26,139
1,6560,0,MAIN_GREEN,77,37,28,142
1,6570,0,MAIN_GREEN,59,39,32,130
1,6580,0,MAIN_GREEN,54,40,34,128
1,6590,0,MAIN_GREEN,48,40,38,126
1,6600,0,MAIN_GREEN,48,40,38,126
1,6610,0,MAIN_GREEN,42,40,40,122
1,6620,1,MAIN_YELLOW,46,40,43,129
1,6630,2,TURN_GREEN,58,37,47,142
1,6640,3,TURN_YELLOW,70,38,48,156
1,6650,4,SIDE_GREEN,79,38,40,157
1,6660,4,SIDE_GREEN,91,39,33,163
1,6670,5,SIDE_YELLOW,98,40,28,166
1,6680,0,MAIN_GREEN,86,40,31,157
1,6690,0,MAIN_GREEN,74,40,32,146
1,6700,0,MAIN_GREEN,67,40,34,141
1,6710,0,MAIN_GREEN,61,40,38,139
1,6720,0,MAIN_GREEN,56,40,40,136
1,6730,0,MAIN_GREEN,53,40,41,134
1,6740,2,TURN_GREEN,61,39,42,142
1,6750,2,TURN_GREEN,68,37,43,148
1,6760,4,SIDE_GREEN,74,39,41,154
1,6770,4,SIDE_GREEN,84,39,34,157
1,6780,4,SIDE_GREEN,90,39,29,158
1,6790,0,MAIN_GREEN,85,39,29,153
1,6800,0,MAIN_GREEN,70,39,32,141
1,6810,0,MAIN_GREEN,61,39,33,133
1,6820,0,MAIN_GREEN,58,39,34,131
1,6830,0,MAIN_GREEN,56,39,35,130
1,6840,0,MAIN_GREEN,55,39,36,130
1,6850,1,MAIN_YELLOW,59,39,37,135
1,6860,2,TURN_GREEN,65,38,38,141
1,6870,3,TURN_YELLOW,72,37,39,148
1,6880,4,SIDE_GREEN,81,37,33,151
1,6890,4,SIDE_GREEN,87,38,31,156
1,6900,5,SIDE_YELLOW,94,39,31,164
1,6910,0,MAIN_GREEN,82,39,32,153
1,6920,0,MAIN_GREEN,71,39,36,146
1,6930,0,MAIN_GREEN,64,39,38,141
1,6940,0,MAIN_GREEN,61,39,40,140
1,6950,0,MAIN_GREEN,56,39,41,136
1,6960,0,MAIN_GREEN,54,39,44,137
1,6970,2,TURN_GREEN,61,38,44,143
1,6980,2,TURN_GREEN,67,36,46,149
1,6990,4,SIDE_GREEN,73,38,42,153
1,7000,4,SIDE_GREEN,83,39,33,155
1,7010,4,SIDE_GREEN,91,39,28,158
1,7020,0,MAIN_GREEN,87,39,27,153
1,7030,0,MAIN_GREEN,73,39,29,141
1,7040,0,MAIN_GREEN,60,39,29,128
1,7050,0,MAIN_GREEN,59,39,31,129
1,7060,0,MAIN_GREEN,51,39,33,123
1,7070,0,MAIN_GREEN,47,39,35,121
1,7080,1,MAIN_YELLOW,50,39,35,124
1,7090,2,TURN_GREEN,57,37,36,130
1,7100,3,TURN_YELLOW,64,38,37,139
1,7110,4,SIDE_GREEN,71,38,31,140
1,7120,4,SIDE_GREEN,78,39,26,143
1,7130,5,SIDE_YELLOW,88,39,22,149
1,7140,0,MAIN_GREEN,80,39,23,142
1,7150,0,MAIN_GREEN,70,39,25,134
1,7160,0,MAIN_GREEN,64,40,29,133
1,7170,0,MAIN_GREEN,62,40,31,133
1,7180,0,MAIN_GREEN,55,40,32,127
1,7190,0,MAIN_GREEN,52,40,33,125
1,7200,2,TURN_GREEN,60,38,33,131
1,7210,2,TURN_GREEN,64,37,35,136
1,7220,4,SIDE_GREEN,71,39,30,140
1,7230,4,SIDE_GREEN,79,39,26,144
1,7240,4,SIDE_GREEN,86,39,23,148
1,7250,0,MAIN_GREEN,85,39,24,148
1,7260,0,MAIN_GREEN,71,39,28,138
1,7270,0,MAIN_GREEN,61,39,30,130
1,7280,0,MAIN_GREEN,56,39,31,126
1,7290,0,MAIN_GREEN,47,39,33,119
1,7300,0,MAIN_GREEN,45,39,34,118
1,7310,1,MAIN_YELLOW,47,39,35,121
1,7320,2,TURN_GREEN,56,37,35,128
1,7330,3,TURN_YELLOW,63,36,38,137
1,7340,4,SIDE_GREEN,67,38,29,134
1,7350,4,SIDE_GREEN,77,38,22,137
1,7360,5,SIDE_YELLOW,79,39,19,137
1,7370,0,MAIN_GREEN,68,38,22,128
1,7380,0,MAIN_GREEN,62,38,24,124
1,7390,0,MAIN_GREEN,66,38,29,133
1,7400,0,MAIN_GREEN,68,38,32,138
1,7410,0,MAIN_GREEN,66,38,33,137
1,7420,0,MAIN_GREEN,71,38,33,142
1,7430,2,TURN_GREEN,75,37,35,147
1,7440,2,TURN_GREEN,77,36,36,149
1,7450,4,SIDE_GREEN,80,35,33,148
1,7460,4,SIDE_GREEN,81,37,28,146
1,7470,4,SIDE_GREEN,84,39,21,144
1,7480,0,MAIN_GREEN,80,39,22,141
1,7490,0,MAIN_GREEN,66,39,24,129
1,7500,0,MAIN_GREEN,54,39,25,118
1,7510,0,MAIN_GREEN,47,39,27,113
1,7520,0,MAIN_GREEN,44,39,29,112
1,7530,0,MAIN_GREEN,44,39,31,114
1,7540,1,MAIN_YELLOW,43,39,33,115
1,7550,2,TURN_GREEN,52,37,36,125
1,7560,3,TURN_YELLOW,58,37,36,131
1,7570,4,SIDE_GREEN,64,37,28,129
1,7580,4,SIDE_GREEN,76,38,25,139
1,7590,5,SIDE_YELLOW,86,38,20,144
1,7600,0,MAIN_GREEN,76,38,24,138
1,7610,0,MAIN_GREEN,67,38,26,131
1,7620,0,MAIN_GREEN,64,38,28,130
1,7630,0,MAIN_GREEN,62,38,32,132
1,7640,0,MAIN_GREEN,58,38,34,130
1,7650,0,MAIN_GREEN,55,38,36,129
1,7660,2,TURN_GREEN,57,37,38,132
1,7670,2,TURN_GREEN,65,37,40,142
1,7680,4,SIDE_GREEN,70,38,36,144
1,7690,4,SIDE_GREEN,80,39,23,142
1,7700,4,SIDE_GREEN,89,39,18,146
1,7710,0,MAIN_GREEN,88,39,17,144
1,7720,0,MAIN_GREEN,73,39,19,131
1,7730,0,MAIN_GREEN,64,39,19,122
1,7740,0,MAIN_GREEN,59,39,21,119
1,7750,0,MAIN_GREEN,55,39,22,116
1,7760,0,MAIN_GREEN,49,39,24,112
1,7770,1,MAIN_YELLOW,54,39,27,120
1,7780,2,TURN_GREEN,61,37,28,126
1,7790,3,TURN_YELLOW,66,37,31,134
1,7800,4,SIDE_GREEN,72,38,23,133
1,7810,4,SIDE_GREEN,78,39,18,135
1,7820,5,SIDE_YELLOW,87,39,19,145
1,7830,0,MAIN_GREEN,77,38,21,136
1,7840,0,MAIN_GREEN,70,38,22,130
1,7850,0,MAIN_GREEN,65,38,24,127
1,7860,0,MAIN_GREEN,58,38,26,122
1,7870,0,MAIN_GREEN,53,38,30,121
1,7880,0,MAIN_GREEN,54,38,32,124
1,7890,2,TURN_GREEN,60,36,36,132
1,7900,2,TURN_GREEN,68,35,37,140
1,7910,4,SIDE_GREEN,73,37,32,142
1,7920,4,SIDE_GREEN,81,37,21,139
1,7930,4,SIDE_GREEN,91,37,17,145
1,7940,0,MAIN_GREEN,88,37,16,141
1,7950,0,MAIN_GREEN,69,38,18,125
1,7960,0,MAIN_GREEN,64,38,20,122
1,7970,0,MAIN_GREEN,63,38,20,121
1,7980,0,MAIN_GREEN,55,38,20,113
1,7990,0,MAIN_GREEN,51,38,22,111
1,8000,1,MAIN_YELLOW,53,39,22,114
1,8010,2,TURN_GREEN,61,36,25,122
1,8020,3,TURN_YELLOW,66,37,28,131
1,8030,4,SIDE_GREEN,71,39,16,126
1,8040,4,SIDE_GREEN,81,39,12,132
1,8050,5,SIDE_YELLOW,89,39,9,137
1,8060,0,MAIN_GREEN,77,39,13,129
1,8070,0,MAIN_GREEN,64,39,16,119
1,8080,0,MAIN_GREEN,57,40,16,113
1,8090,0,MAIN_GREEN,52,40,17,109
1,8100,0,MAIN_GREEN,48,40,18,106
1,8110,0,MAIN_GREEN,45,40,20,105
1,8120,2,TURN_GREEN,52,38,21,111
1,8130,2,TURN_GREEN,60,37,22,119
1,8140,4,SIDE_GREEN,64,39,18,121
1,8150,4,SIDE_GREEN,73,39,11,123
1,8160,4,SIDE_GREEN,83,39,8,130
1,8170,0,MAIN_GREEN,81,40,11,132
1,8180,0,MAIN_GREEN,70,40,12,122
1,8190,0,MAIN_GREEN,63,40,12,115
1,8200,0,MAIN_GREEN,60,40,14,114
1,8210,0,MAIN_GREEN,54,40,16,110
1,8220,0,MAIN_GREEN,50,40,19,109
1,8230,1,MAIN_YELLOW,52,40,21,113
1,8240,2,TURN_GREEN,59,38,23,120
1,8250,3,TURN_YELLOW,64,37,25,126
1,8260,4,SIDE_GREEN,68,39,17,124
1,8270,4,SIDE_GREEN,72,39,8,119
1,8280,5,SIDE_YELLOW,81,39,5,125
1,8290,0,MAIN_GREEN,69,39,5,113
1,8300,0,MAIN_GREEN,61,39,6,106
1,8310,0,MAIN_GREEN,60,39,8,107
1,8320,0,MAIN_GREEN,54,39,11,104
1,8330,0,MAIN_GREEN,53,39,10,102
1,8340,0,MAIN_GREEN,52,39,15,106
1,8350,2,TURN_GREEN,58,37,15,110
1,8360,2,TURN_GREEN,64,36,16,116
1,8370,4,SIDE_GREEN,73,37,13,123
1,8380,4,SIDE_GREEN,78,37,10,125
1,8390,4,SIDE_GREEN,87,38,6,131
1,8400,0,MAIN_GREEN,84,39,6,129
1,8410,0,MAIN_GREEN,74,39,7,120
1,8420,0,MAIN_GREEN,66,39,8,113
1,8430,0,MAIN_GREEN,63,39,12,114
1,8440,0,MAIN_GREEN,65,39,15,119
1,8450,0,MAIN_GREEN,67,39,19,125
1,8460,1,MAIN_YELLOW,73,39,19,131
1,8470,2,TURN_GREEN,76,37,19,132
1,8480,3,TURN_YELLOW,79,35,22,136
1,8490,4,SIDE_GREEN,81,37,11,129
1,8500,4,SIDE_GREEN,85,38,5,128
1,8510,5,SIDE_YELLOW,87,38,4,129
1,8520,0,MAIN_GREEN,73,39,7,119
1,8530,0,MAIN_GREEN,64,39,8,111
1,8540,0,MAIN_GREEN,59,39,10,108
1,8550,0,MAIN_GREEN,55,39,14,108
1,8560,0,MAIN_GREEN,52,39,11,102
1,8570,0,MAIN_GREEN,54,39,13,106
1,8580,2,TURN_GREEN,59,37,16,112
1,8590,2,TURN_GREEN,66,35,20,121
1,8600,4,SIDE_GREEN,72,37,15,124
1,8610,4,SIDE_GREEN,79,38,9,126
1,8620,4,SIDE_GREEN,89,38,2,129
1,8630,0,MAIN_GREEN,89,37,4,130
1,8640,0,MAIN_GREEN,74,37,8,119
1,8650,0,MAIN_GREEN,57,38,12,107
1,8660,0,MAIN_GREEN,51,38,14,103
1,8670,0,MAIN_GREEN,45,38,15,98
1,8680,0,MAIN_GREEN,44,39,18,101
1,8690,1,MAIN_YELLOW,48,39,19,106
1,8700,2,TURN_GREEN,55,37,20,112
1,8710,3,TURN_YELLOW,60,35,21,116
1,8720,4,SIDE_GREEN,69,36,10,115
1,8730,4,SIDE_GREEN,71,37,5,113
1,8740,5,SIDE_YELLOW,77,37,4,118
1,8750,0,MAIN_GREEN,67,37,9,113
1,8760,0,MAIN_GREEN,52,37,10,99
1,8770,0,MAIN_GREEN,48,38,12,98
1,8780,0,MAIN_GREEN,48,39,13,100
1,8790,0,MAIN_GREEN,44,39,14,97
1,8800,0,MAIN_GREEN,47,39,16,102
1,8810,2,TURN_GREEN,52,37,17,106
1,8820,2,TURN_GREEN,59,37,18,114
1,8830,4,SIDE_GREEN,67,37,15,119
1,8840,4,SIDE_GREEN,71,39,6,116
1,8850,4,SIDE_GREEN,79,39,1,119
1,8860,0,MAIN_GREEN,72,39,4,115
1,8870,0,MAIN_GREEN,59,39,6,104
1,8880,0,MAIN_GREEN,56,39,8,103
1,8890,0,MAIN_GREEN,56,39,9,104
1,8900,0,MAIN_GREEN,54,39,13,106
1,8910,0,MAIN_GREEN,52,39,16,107
1,8920,1,MAIN_YELLOW,54,39,17,110
1,8930,2,TURN_GREEN,64,36,19,119
1,8940,3,TURN_YELLOW,72,34,22,128
1,8950,4,SIDE_GREEN,79,36,13,128
1,8960,4,SIDE_GREEN,84,38,5,127
1,8970,5,SIDE_YELLOW,93,38,5,136
1,8980,0,MAIN_GREEN,81,38,7,126
1,8990,0,MAIN_GREEN,64,38,10,112
1,9000,0,MAIN_GREEN,59,38,14,111
1,9010,0,MAIN_GREEN,53,39,14,106
1,9020,0,MAIN_GREEN,51,39,16,106
1,9030,0,MAIN_GREEN,48,39,20,107
1,9040,2,TURN_GREEN,50,38,25,113
1,9050,2,TURN_GREEN,55,36,26,117
1,9060,4,SIDE_GREEN,63,37,24,124
1,9070,4,SIDE_GREEN,71,39,14,124
1,9080,4,SIDE_GREEN,80,39,7,126
1,9090,0,MAIN_GREEN,79,39,10,128
1,9100,0,MAIN_GREEN,68,39,10,117
1,9110,0,MAIN_GREEN,66,39,13,118
1,9120,0,MAIN_GREEN,63,39,18,120
1,9130,0,MAIN_GREEN,55,39,21,115
1,9140,0,MAIN_GREEN,53,39,24,116
1,9150,1,MAIN_YELLOW,56,39,23,118
1,9160,2,TURN_GREEN,60,38,24,122
1,9170,3,TURN_YELLOW,68,37,25,130
1,9180,4,SIDE_GREEN,78,39,15,132
1,9190,4,SIDE_GREEN,86,39,9,134
1,9200,5,SIDE_YELLOW,93,39,8,140
1,9210,0,MAIN_GREEN,79,39,10,128
1,9220,0,MAIN_GREEN,65,39,12,116
1,9230,0,MAIN_GREEN,59,39,14,112
1,9240,0,MAIN_GREEN,53,39,17,109
1,9250,0,MAIN_GREEN,47,39,20,106
1,9260,0,MAIN_GREEN,50,39,23,112
1,9270,2,TURN_GREEN,56,37,24,117
1,9280,2,TURN_GREEN,61,35,25,121
1,9290,4,SIDE_GREEN,69,36,21,126
1,9300,4,SIDE_GREEN,76,38,15,129
1,9310,4,SIDE_GREEN,84,39,10,133
1,9320,0,MAIN_GREEN,81,40,13,134
1,9330,0,MAIN_GREEN,63,40,16,119
1,9340,0,MAIN_GREEN,59,40,20,119
1,9350,0,MAIN_GREEN,57,40,21,118
1,9360,0,MAIN_GREEN,56,40,23,119
1,9370,0,MAIN_GREEN,50,40,27,117
1,9380,1,MAIN_YELLOW,49,40,28,117
1,9390,2,TURN_GREEN,57,38,32,127
1,9400,3,TURN_YELLOW,58,37,33,128
1,9410,4,SIDE_GREEN,62,39,25,126
1,9420,4,SIDE_GREEN,69,39,16,124
1,9430,5,SIDE_YELLOW,78,39,13,130
1,9440,0,MAIN_GREEN,67,39,15,121
1,9450,0,MAIN_GREEN,61,39,15,115
1,9460,0,MAIN_GREEN,58,39,17,114
1,9470,0,MAIN_GREEN,56,40,20,116
1,9480,0,MAIN_GREEN,52,40,21,113
1,9490,0,MAIN_GREEN,54,40,23,117
1,9500,2,TURN_GREEN,59,38,24,121
1,9510,2,TURN_GREEN,66,37,25,128
1,9520,4,SIDE_GREEN,71,39,20,130
1,9530,4,SIDE_GREEN,80,39,9,128
1,9540,4,SIDE_GREEN,86,39,7,132
1,9550,0,MAIN_GREEN,85,39,7,131
1,9560,0,MAIN_GREEN,70,39,9,118
1,9570,0,MAIN_GREEN,66,39,12,117
1,9580,0,MAIN_GREEN,62,39,16,117
1,9590,0,MAIN_GREEN,59,39,16,114
1,9600,0,MAIN_GREEN,59,39,18,116
1,9610,1,MAIN_YELLOW,63,39,20,122
1,9620,2,TURN_GREEN,71,37,22,130
1,9630,3,TURN_YELLOW,74,38,26,138
1,9640,4,SIDE_GREEN,77,39,15,131
1,9650,4,SIDE_GREEN,81,39,7,127
1,9660,5,SIDE_YELLOW,86,39,6,131
1,9670,0,MAIN_GREEN,74,39,9,122
1,9680,0,MAIN_GREEN,64,39,9,112
1,9690,0,MAIN_GREEN,68,39,11,118
1,9700,0,MAIN_GREEN,67,39,12,118
1,9710,0,MAIN_GREEN,64,39,14,117
1,9720,0,MAIN_GREEN,58,39,14,111
1,9730,2,TURN_GREEN,61,38,17,116
1,9740,2,TURN_GREEN,63,37,19,119
1,9750,4,SIDE_GREEN,70,39,14,123
1,9760,4,SIDE_GREEN,79,39,6,124
1,9770,4,SIDE_GREEN,88,39,7,134
1,9780,0,MAIN_GREEN,83,39,9,131
1,9790,0,MAIN_GREEN,70,39,9,118
1,9800,0,MAIN_GREEN,63,39,13,115
1,9810,0,MAIN_GREEN,61,39,15,115
1,9820,0,MAIN_GREEN,57,39,16,112
1,9830,0,MAIN_GREEN,51,39,17,107
1,9840,1,MAIN_YELLOW,49,39,19,107
1,9850,2,TURN_GREEN,58,36,20,114
1,9860,3,TURN_YELLOW,63,36,24,123
1,9870,4,SIDE_GREEN,70,38,15,123
1,9880,4,SIDE_GREEN,80,38,5,123
1,9890,5,SIDE_YELLOW,87,39,4,130
1,9900,0,MAIN_GREEN,76,40,6,122
1,9910,0,MAIN_GREEN,63,40,8,111
1,9920,0,MAIN_GREEN,53,39,10,102
1,9930,0,MAIN_GREEN,51,39,14,104
1,9940,0,MAIN_GREEN,48,40,16,104
1,9950,0,MAIN_GREEN,49,40,17,106
1,9960,2,TURN_GREEN,58,39,20,117
1,9970,2,TURN_GREEN,66,35,23,124
1,9980,4,SIDE_GREEN,72,37,19,128
1,9990,4,SIDE_GREEN,79,38,8,125
1,10000,4,SIDE_GREEN,87,38,6,131
1,10010,0,MAIN_GREEN,87,38,9,134
1,10020,0,MAIN_GREEN,71,38,12,121
1,10030,0,MAIN_GREEN,60,36,13,109
1,10040,0,MAIN_GREEN,55,38,15,108
1,10050,0,MAIN_GREEN,50,38,18,106
1,10060,0,MAIN_GREEN,47,38,20,105
1,10070,1,MAIN_YELLOW,48,38,21,107
1,10080,2,TURN_GREEN,53,36,23,112
1,10090,3,TURN_YELLOW,60,36,26,122
1,10100,4,SIDE_GREEN,67,37,17,121
1,10110,4,SIDE_GREEN,73,37,10,120
1,10120,5,SIDE_YELLOW,82,38,6,126
1,10130,0,MAIN_GREEN,70,38,8,116
1,10140,0,MAIN_GREEN,64,39,11,114
1,10150,0,MAIN_GREEN,63,39,15,117
1,10160,0,MAIN_GREEN,56,39,17,112
1,10170,0,MAIN_GREEN,53,39,18,110
1,10180,0,MAIN_GREEN,51,39,20,110
1,10190,2,TURN_GREEN,58,37,21,116
1,10200,2,TURN_GREEN,63,36,24,123
1,10210,4,SIDE_GREEN,69,37,19,125
1,10220,4,SIDE_GREEN,77,39,13,129
1,10230,4,SIDE_GREEN,82,39,10,131
1,10240,0,MAIN_GREEN,81,38,11,130
1,10250,0,MAIN_GREEN,67,38,13,118
1,10260,0,MAIN_GREEN,57,38,15,110
1,10270,0,MAIN_GREEN,55,38,17,110
1,10280,0,MAIN_GREEN,48,38,19,105
1,10290,0,MAIN_GREEN,46,38,19,103
1,10300,1,MAIN_YELLOW,52,39,21,112
1,10310,2,TURN_GREEN,57,38,26,121
1,10320,3,TURN_YELLOW,65,37,30,132
1,10330,4,SIDE_GREEN,69,39,18,126
1,10340,4,SIDE_GREEN,76,39,13,128
1,10350,5,SIDE_YELLOW,82,39,13,134
1,10360,0,MAIN_GREEN,72,39,13,124
1,10370,0,MAIN_GREEN,61,39,14,114
1,10380,0,MAIN_GREEN,59,39,15,113
1,10390,0,MAIN_GREEN,55,39,18,112
1,10400,0,MAIN_GREEN,50,39,22,111
1,10410,0,MAIN_GREEN,48,39,26,113
1,10420,2,TURN_GREEN,55,37,30,122
1,10430,2,TURN_GREEN,64,37,32,133
1,10440,4,SIDE_GREEN,67,39,27,133
1,10450,4,SIDE_GREEN,76,39,16,131
1,10460,4,SIDE_GREEN,81,39,6,126
1,10470,0,MAIN_GREEN,78,39,8,125
1,10480,0,MAIN_GREEN,65,39,9,113
1,10490,0,MAIN_GREEN,61,39,11,111
1,10500,0,MAIN_GREEN,58,39,12,109
1,10510,0,MAIN_GREEN,55,39,13,107
1,10520,0,MAIN_GREEN,52,39,15,106
1,10530,1,MAIN_YELLOW,55,39,16,110
1,10540,2,TURN_GREEN,61,37,16,114
1,10550,3,TURN_YELLOW,70,37,17,124
1,10560,4,SIDE_GREEN,76,38,10,124
1,10570,4,SIDE_GREEN,83,38,4,125
1,10580,5,SIDE_YELLOW,90,38,2,130
1,10590,0,MAIN_GREEN,79,38,4,121
1,10600,0,MAIN_GREEN,64,38,5,107
1,10610,0,MAIN_GREEN,59,39,5,103
1,10620,0,MAIN_GREEN,54,39,5,98
1,10630,0,MAIN_GREEN,53,39,5,97
1,10640,0,MAIN_GREEN,46,39,6,91
1,10650,2,TURN_GREEN,50,37,6,93
1,10660,2,TURN_GREEN,52,37,7,96
1,10670,4,SIDE_GREEN,60,38,4,102
1,10680,4,SIDE_GREEN,65,38,2,105
1,10690,4,SIDE_GREEN,72,38,1,111
1,10700,0,MAIN_GREEN,71,39,1,111
1,10710,0,MAIN_GREEN,63,39,2,104
1,10720,0,MAIN_GREEN,60,39,3,102
1,10730,0,MAIN_GREEN,58,40,3,101
1,10740,0,MAIN_GREEN,58,40,4,102
1,10750,0,MAIN_GREEN,54,40,6,100
1,10760,1,MAIN_YELLOW,57,40,7,104
1,10770,2,TURN_GREEN,63,38,9,110
1,10780,3,TURN_YELLOW,71,38,11,120
1,10790,4,SIDE_GREEN,77,39,4,120
1,10800,4,SIDE_GREEN,86,39,3,128
1,10810,5,SIDE_YELLOW,92,39,6,137
1,10820,0,MAIN_GREEN,78,38,10,126
1,10830,0,MAIN_GREEN,62,38,11,111
1,10840,0,MAIN_GREEN,60,38,13,111
1,10850,0,MAIN_GREEN,57,38,14,109
1,10860,0,MAIN_GREEN,52,38,16,106
1,10870,0,MAIN_GREEN,51,38,18,107
1,10880,2,TURN_GREEN,60,37,20,117
1,10890,2,TURN_GREEN,64,38,22,124
1,10900,4,SIDE_GREEN,74,38,18,130
1,10910,4,SIDE_GREEN,81,38,7,126
1,10920,4,SIDE_GREEN,90,38,4,132
1,10930,0,MAIN_GREEN,87,37,4,128
1,10940,0,MAIN_GREEN,72,37,5,114
1,10950,0,MAIN_GREEN,63,38,6,107
1,10960,0,MAIN_GREEN,58,39,10,107
1,10970,0,MAIN_GREEN,53,39,11,103
1,10980,0,MAIN_GREEN,47,39,12,98
1,10990,1,MAIN_YELLOW,47,39,14,100
1,11000,2,TURN_GREEN,54,37,14,105
1,11010,3,TURN_YELLOW,61,38,17,116
1,11020,4,SIDE_GREEN,67,39,8,114
1,11030,4,SIDE_GREEN,71,39,5,115
1,11040,5,SIDE_YELLOW,80,39,5,124
1,11050,0,MAIN_GREEN,69,39,8,116
1,11060,0,MAIN_GREEN,64,39,12,115
1,11070,0,MAIN_GREEN,65,39,13,117
1,11080,0,MAIN_GREEN,64,40,14,118
1,11090,0,MAIN_GREEN,58,40,16,114
1,11100,0,MAIN_GREEN,55,40,16,111
1,11110,2,TURN_GREEN,62,38,18,118
1,11120,2,TURN_GREEN,65,37,21,123
1,11130,4,SIDE_GREEN,71,38,18,127
1,11140,4,SIDE_GREEN,79,39,8,126
1,11150,4,SIDE_GREEN,86,39,7,132
1,11160,0,MAIN_GREEN,81,39,9,129
1,11170,0,MAIN_GREEN,65,39,12,116
1,11180,0,MAIN_GREEN,58,39,13,110
1,11190,0,MAIN_GREEN,57,39,16,112
1,11200,0,MAIN_GREEN,52,39,18,109
1,11210,0,MAIN_GREEN,47,39,19,105
1,11220,1,MAIN_YELLOW,52,39,21,112
1,11230,2,TURN_GREEN,58,36,23,117
1,11240,3,TURN_YELLOW,59,37,25,121
1,11250,4,SIDE_GREEN,64,39,15,118
1,11260,4,SIDE_GREEN,71,39,5,115
1,11270,5,SIDE_YELLOW,79,39,6,124
1,11280,0,MAIN_GREEN,70,39,8,117
1,11290,0,MAIN_GREEN,57,39,8,104
1,11300,0,MAIN_GREEN,58,39,10,107
1,11310,0,MAIN_GREEN,56,39,12,107
1,11320,0,MAIN_GREEN,55,39,14,108
1,11330,0,MAIN_GREEN,55,39,12,106
1,11340,2,TURN_GREEN,60,38,14,112
1,11350,2,TURN_GREEN,62,36,18,116
1,11360,4,SIDE_GREEN,68,37,13,118
1,11370,4,SIDE_GREEN,77,37,4,118
1,11380,4,SIDE_GREEN,86,38,0,124
1,11390,0,MAIN_GREEN,81,38,3,122
1,11400,0,MAIN_GREEN,65,38,3,106
1,11410,0,MAIN_GREEN,58,39,4,101
1,11420,0,MAIN_GREEN,55,39,5,99
1,11430,0,MAIN_GREEN,50,39,6,95
1,11440,0,MAIN_GREEN,48,39,6,93
1,11450,1,MAIN_YELLOW,49,39,7,95
1,11460,2,TURN_GREEN,52,37,7,96
1,11470,3,TURN_YELLOW,55,37,8,100
1,11480,4,SIDE_GREEN,61,38,3,102
1,11490,4,SIDE_GREEN,68,38,3,109
1,11500,5,SIDE_YELLOW,74,38,4,116
1,11510,0,MAIN_GREEN,62,38,6,106
1,11520,0,MAIN_GREEN,52,38,6,96
1,11530,0,MAIN_GREEN,49,39,10,98
1,11540,0,MAIN_GREEN,53,39,13,105
1,11550,0,MAIN_GREEN,56,39,15,110
1,11560,0,MAIN_GREEN,62,39,19,120
1,11570,2,TURN_GREEN,69,37,21,127
1,11580,2,TURN_GREEN,74,35,23,132
1,11590,4,SIDE_GREEN,78,38,20,136
1,11600,4,SIDE_GREEN,82,38,10,130
1,11610,4,SIDE_GREEN,85,38,4,127
1,11620,0,MAIN_GREEN,80,38,7,125
1,11630,0,MAIN_GREEN,65,38,11,114
1,11640,0,MAIN_GREEN,62,38,15,115
1,11650,0,MAIN_GREEN,58,38,17,113
1,11660,0,MAIN_GREEN,55,38,19,112
1,11670,0,MAIN_GREEN,49,38,22,109
1,11680,1,MAIN_YELLOW,55,38,23,116
1,11690,2,TURN_GREEN,65,36,23,124
1,11700,3,TURN_YELLOW,66,36,26,128
1,11710,4,SIDE_GREEN,70,38,18,126
1,11720,4,SIDE_GREEN,80,38,13,131
1,11730,5,SIDE_YELLOW,84,39,9,132
1,11740,0,MAIN_GREEN,76,39,10,125
1,11750,0,MAIN_GREEN,65,39,12,116
1,11760,0,MAIN_GREEN,66,39,14,119
1,11770,0,MAIN_GREEN,69,39,15,123
1,11780,0,MAIN_GREEN,69,39,17,125
1,11790,0,MAIN_GREEN,71,39,18,128
1,11800,2,TURN_GREEN,75,37,21,133
1,11810,2,TURN_GREEN,78,36,25,139
1,11820,4,SIDE_GREEN,82,37,24,143
1,11830,4,SIDE_GREEN,84,38,14,136
1,11840,4,SIDE_GREEN,85,40,6,131
1,11850,0,MAIN_GREEN,80,40,6,126
1,11860,0,MAIN_GREEN,72,40,8,120
1,11870,0,MAIN_GREEN,63,40,8,111
1,11880,0,MAIN_GREEN,58,40,11,109
1,11890,0,MAIN_GREEN,55,40,12,107
1,11900,0,MAIN_GREEN,58,40,12,110
1,11910,1,MAIN_YELLOW,62,40,16,118
1,11920,2,TURN_GREEN,69,38,16,123
1,11930,3,TURN_YELLOW,74,38,18,130
1,11940,4,SIDE_GREEN,81,39,8,128
1,11950,4,SIDE_GREEN,89,39,1,129
1,11960,5,SIDE_YELLOW,96,39,2,137
1,11970,0,MAIN_GREEN,82,39,4,125
1,11980,0,MAIN_GREEN,68,39,5,112
1,11990,0,MAIN_GREEN,62,39,7,108
1,12000,0,MAIN_GREEN,54,39,10,103
